{
  "NODE_MODULE_VERSION": [
    { "modules": 116,"runtime": "electron", "variant": "electron",             "versions": "25" },
    { "modules": 115,"runtime": "node",     "variant": "v8_11.3",              "versions": "20.0.0" },
    { "modules": 114,"runtime": "electron", "variant": "electron",             "versions": "24" },
    { "modules": 113,"runtime": "electron", "variant": "electron",             "versions": "23" },
    { "modules": 112,"runtime": "node",     "variant": "v8_10.9",              "versions": "20.0.0-pre" },
    { "modules": 111,"runtime": "node",     "variant": "v8_10.7",              "versions": "19.0.0" },
    { "modules": 110,"runtime": "electron", "variant": "electron",             "versions": "22" },
    { "modules": 109,"runtime": "electron", "variant": "electron",             "versions": "21" },
    { "modules": 108,"runtime": "node",     "variant": "v8_10.1",              "versions": "18.0.0" },
    { "modules": 107,"runtime": "electron", "variant": "electron",             "versions": "20" },
    { "modules": 106,"runtime": "electron", "variant": "electron",             "versions": "19" },
    { "modules": 105,"runtime": "node",     "variant": "v8_9.8",               "versions": "18.0.0-pre" },
    { "modules": 104,"runtime": "node",     "variant": "v8_9.7",               "versions": "18.0.0-pre" },
    { "modules": 103,"runtime": "electron", "variant": "electron",             "versions": "18" },
    { "modules": 102,"runtime": "node",     "variant": "v8_9.5",               "versions": "17.0.0" },
    { "modules": 101,"runtime": "electron", "variant": "electron",             "versions": "17" },
    { "modules": 100,"runtime": "node",     "variant": "v8_9.4",               "versions": "17.0.0-pre" },
    { "modules": 99, "runtime": "electron", "variant": "electron",             "versions": "16" },
    { "modules": 98, "runtime": "electron", "variant": "electron",             "versions": "15" },
    { "modules": 97, "runtime": "electron", "variant": "electron",             "versions": "14" },
    { "modules": 96, "runtime": "node",     "variant": "v8_9.3",               "versions": "17.0.0-pre" },
    { "modules": 95, "runtime": "node",     "variant": "v8_9.2",               "versions": "17.0.0-pre" },
    { "modules": 94, "runtime": "node",     "variant": "v8_9.1",               "versions": "17.0.0-pre" },
    { "modules": 93, "runtime": "node",     "variant": "v8_9.0",               "versions": "16.0.0" },
    { "modules": 92, "runtime": "node",     "variant": "v8_8.9",               "versions": "16.0.0-pre" },
    { "modules": 91, "runtime": "node",     "variant": "v8_8.8",               "versions": "16.0.0-pre" },
    { "modules": 90, "runtime": "node",     "variant": "v8_8.7",               "versions": "16.0.0-pre" },
    { "modules": 89, "runtime": "electron", "variant": "electron",             "versions": "13" },
    { "modules": 88, "runtime": "node",     "variant": "v8_8.6",               "versions": "15.0.0" },
    { "modules": 87, "runtime": "electron", "variant": "electron",             "versions": "12" },
    { "modules": 86, "runtime": "node",     "variant": "v8_8.4",               "versions": "15.0.0-pre" },
    { "modules": 85, "runtime": "electron", "variant": "electron",             "versions": "11" },
    { "modules": 84, "runtime": "node",     "variant": "v8_8.3",               "versions": "15.0.0-pre" },
    { "modules": 83, "runtime": "node",     "variant": "v8_8.1",               "versions": "14.0.0" },
    { "modules": 82, "runtime": "electron", "variant": "electron",             "versions": "10" },
    { "modules": 81, "runtime": "node",     "variant": "v8_7.9",               "versions": "14.0.0-pre" },
    { "modules": 80, "runtime": "electron", "variant": "electron",             "versions": "9" },
    { "modules": 79, "runtime": "node",     "variant": "v8_7.8",               "versions": "13" },
    { "modules": 78, "runtime": "node",     "variant": "v8_7.7",               "versions": "13.0.0-pre" },
    { "modules": 77, "runtime": "node",     "variant": "v8_7.6",               "versions": "13.0.0-pre" },
    { "modules": 76, "runtime": "electron", "variant": "electron",             "versions": "8" },
    { "modules": 75, "runtime": "electron", "variant": "electron",             "versions": "7" },
    { "modules": 74, "runtime": "node",     "variant": "v8_7.5",               "versions": "13.0.0-pre" },
    { "modules": 73, "runtime": "electron", "variant": "electron",             "versions": "6" },
    { "modules": 72, "runtime": "node",     "variant": "node",                 "versions": "12" },
    { "modules": 71, "runtime": "node",     "variant": "v8_7.3",               "versions": "12.0.0-pre" },
    { "modules": 70, "runtime": "electron", "variant": "electron",             "versions": "5" },
    { "modules": 69, "runtime": "electron", "variant": "electron",             "versions": "^4.0.4" },
    { "modules": 68, "runtime": "node",     "variant": "v8_7.1",               "versions": "12.0.0-pre" },
    { "modules": 67, "runtime": "node",     "variant": "node",                 "versions": "11" },
    { "modules": 66, "runtime": "node",     "variant": "v8_6.9",               "versions": "11.0.0-pre" },
    { "modules": 65, "runtime": "node",     "variant": "v8_6.8",               "versions": "11.0.0-pre" },
    { "modules": 65, "runtime": "node",     "variant": "debian-openssl_1.1.1", "versions": "10" },
    { "modules": 64, "runtime": "node",     "variant": "node",                 "versions": "10" },
    { "modules": 64, "runtime": "electron", "variant": "electron",             "versions": ">=3 <4.0.4" },
    { "modules": 63, "runtime": "node",     "variant": "v8_6.6",               "versions": "10.0.0-pre" },
    { "modules": 62, "runtime": "node",     "variant": "v8_6.5",               "versions": "10.0.0-pre" },
    { "modules": 61, "runtime": "node",     "variant": "v8_6.4",               "versions": "10.0.0-pre" },
    { "modules": 60, "runtime": "node",     "variant": "v8_6.3",               "versions": "10.0.0-pre" },
    { "modules": 59, "runtime": "node",     "variant": "node",                 "versions": "9" },
    { "modules": 59, "runtime": "nw.js",    "variant": "nw.js",                "versions": "~0.26.5" },
    { "modules": 58, "runtime": "node",     "variant": "v8_6.1",               "versions": "9.0.0-pre" },
    { "modules": 58, "runtime": "node",     "variant": "debian-openssl_1.1.1", "versions": "8" },
    { "modules": 57, "runtime": "node",     "variant": "node",                 "versions": "8" },
    { "modules": 57, "runtime": "electron", "variant": "electron",             "versions": ">=1.8 <3" },
    { "modules": 57, "runtime": "nw.js",    "variant": "nw.js",                "versions": ">=0.23 <0.26.5" },
    { "modules": 56, "runtime": "node",     "variant": "v8_5.9",               "versions": "8.0.0-pre" },
    { "modules": 55, "runtime": "node",     "variant": "v8_5.8",               "versions": "8.0.0-pre" },
    { "modules": 54, "runtime": "node",     "variant": "v8_5.7",               "versions": "8.0.0-pre" },
    { "modules": 54, "runtime": "electron", "variant": "electron",             "versions": "1.7" },
    { "modules": 53, "runtime": "node",     "variant": "v8_5.6",               "versions": "8.0.0-pre" },
    { "modules": 53, "runtime": "electron", "variant": "electron",             "versions": "1.6" },
    { "modules": 52, "runtime": "node",     "variant": "v8_5.5",               "versions": "8.0.0-pre" },
    { "modules": 51, "runtime": "node",     "variant": "node",                 "versions": "7" },
    { "modules": 51, "runtime": "electron", "variant": "electron",             "versions": "1.5" },
    { "modules": 51, "runtime": "nw.js",    "variant": "nw.js",                "versions": ">=0.18.3 <0.24" },
    { "modules": 50, "runtime": "electron", "variant": "electron",             "versions": "1.4" },
    { "modules": 49, "runtime": "electron", "variant": "electron",             "versions": "1.3" },
    { "modules": 48, "runtime": "node",     "variant": "node",                 "versions": "6" },
    { "modules": 48, "runtime": "electron", "variant": "electron",             "versions": ">1.1 <1.3" },
    { "modules": 48, "runtime": "nw.js",    "variant": "nw.js",                "versions": "6" },
    { "modules": 47, "runtime": "node",     "variant": "node",                 "versions": "5" },
    { "modules": 47, "runtime": "electron", "variant": "electron",             "versions": "0.36" },
    { "modules": 47, "runtime": "nw.js",    "variant": "nw.js",                "versions": "0.13" },
    { "modules": 46, "runtime": "node",     "variant": "node",                 "versions": "4" },
    { "modules": 46, "runtime": "electron", "variant": "electron",             "versions": ">=0.33 <0.36" },
    { "modules": 45, "runtime": "node",     "variant": "io.js",                "versions": "3" },
    { "modules": 45, "runtime": "electron", "variant": "electron",             "versions": ">=0.31 <0.33" },
    { "modules": 44, "runtime": "node",     "variant": "io.js",                "versions": "2" },
    { "modules": 44, "runtime": "electron", "variant": "electron",             "versions": "0.30" },
    { "modules": 43, "runtime": "node",     "variant": "io.js",                "versions": ">=1.1 <2" },
    { "modules": 42, "runtime": "node",     "variant": "io.js",                "versions": "1.0" },
    { "modules": 14, "runtime": "node",     "variant": "node",                 "versions": ">=0.11.11 <0.13" },
    { "modules": 13, "runtime": "node",     "variant": "node",                 "versions": ">=0.11.8 <0.11.11" },
    { "modules": 12, "runtime": "node",     "variant": "node",                 "versions": ">=0.11.0 <0.11.8" },
    { "modules": 11, "runtime": "node",     "variant": "node",                 "versions": ">=0.9.9 <0.11" },
    { "modules": 10, "runtime": "node",     "variant": "node",                 "versions": ">=0.9.1 <0.9.9" },
    { "modules": 1,  "runtime": "node",     "variant": "node",                 "versions": ">=0.2.0 <0.9.8" }
  ]
}
